{"cameraMode":{"drawMode":0,"name":"Shaded","section":"Shading Mode"},"sceneLighting":false,"audioPlay":false,"sceneViewState":{"showFog":true,"showMaterialUpdate":true,"showSkybox":false,"showFlares":true,"showImageEffects":true,"showParticleSystems":true},"in2DMode":false,"pivot":{"x":-0.06429937481880188,"y":3.3557655811309816,"z":2.93989634513855},"rotation":{"x":-0.02489805594086647,"y":-0.0024144938215613367,"z":0.00005061871343059465,"w":-0.9997122883796692},"size":2.828265905380249,"orthographic":false}