{"cameraMode":{"drawMode":0,"name":"Shaded","section":"Shading Mode"},"sceneLighting":false,"audioPlay":false,"sceneViewState":{"showFog":true,"showMaterialUpdate":true,"showSkybox":false,"showFlares":true,"showImageEffects":true,"showParticleSystems":true},"in2DMode":false,"pivot":{"x":144.3829345703125,"y":73.73518371582031,"z":-3.480865478515625},"rotation":{"x":0.3862721920013428,"y":0.5956335067749023,"z":-0.3939394950866699,"w":0.5838682651519775},"size":2.919750928878784,"orthographic":false}