{"cameraMode":{"drawMode":0,"name":"Shaded","section":"Shading Mode"},"sceneLighting":false,"audioPlay":false,"sceneViewState":{"showFog":true,"showMaterialUpdate":true,"showSkybox":false,"showFlares":true,"showImageEffects":true,"showParticleSystems":true},"in2DMode":false,"pivot":{"x":144.38507080078126,"y":73.63298034667969,"z":-3.480865478515625},"rotation":{"x":0.3862721920013428,"y":0.5956335067749023,"z":-0.3939394950866699,"w":0.5838682651519775},"size":2.542757987976074,"orthographic":false}