{"cameraMode":{"drawMode":0,"name":"Shaded","section":"Shading Mode"},"sceneLighting":false,"audioPlay":false,"sceneViewState":{"showFog":true,"showMaterialUpdate":true,"showSkybox":false,"showFlares":true,"showImageEffects":true,"showParticleSystems":true},"in2DMode":false,"pivot":{"x":-11.862213134765625,"y":194.53688049316407,"z":-85.07298278808594},"rotation":{"x":0.045691534876823428,"y":-0.9525956511497498,"z":0.24009725451469422,"w":0.18134936690330506},"size":0.7071244716644287,"orthographic":false}