{"cameraMode":{"drawMode":0,"name":"Shaded","section":"Shading Mode"},"sceneLighting":false,"audioPlay":false,"sceneViewState":{"showFog":true,"showMaterialUpdate":true,"showSkybox":false,"showFlares":true,"showImageEffects":true,"showParticleSystems":true},"in2DMode":false,"pivot":{"x":142.60545349121095,"y":69.99851989746094,"z":-0.7663173675537109},"rotation":{"x":-0.2195504754781723,"y":0.021051563322544099,"z":-0.004759226925671101,"w":-0.9753944873809815},"size":4.4640421867370609,"orthographic":false}