{"cameraMode":{"drawMode":0,"name":"Shaded","section":"Shading Mode"},"sceneLighting":false,"audioPlay":false,"sceneViewState":{"showFog":true,"showMaterialUpdate":true,"showSkybox":false,"showFlares":true,"showImageEffects":true,"showParticleSystems":true},"in2DMode":false,"pivot":{"x":-2.2425384521484377,"y":0.5973367691040039,"z":-0.941215455532074},"rotation":{"x":-0.5004115700721741,"y":-0.45843711495399477,"z":0.35756343603134158,"w":-0.6415913105010986},"size":5.798437595367432,"orthographic":false}