{"cameraMode":{"drawMode":0,"name":"Shaded","section":"Shading Mode"},"sceneLighting":false,"audioPlay":false,"sceneViewState":{"showFog":true,"showMaterialUpdate":true,"showSkybox":false,"showFlares":true,"showImageEffects":true,"showParticleSystems":true},"in2DMode":false,"pivot":{"x":143.11683654785157,"y":73.35419464111328,"z":-2.8934805393218996},"rotation":{"x":0.5080729722976685,"y":0.11076002568006516,"z":-0.06605678051710129,"w":0.8516415953636169},"size":2.0147130489349367,"orthographic":false}