{"cameraMode":{"drawMode":0,"name":"Shaded","section":"Shading Mode"},"sceneLighting":false,"audioPlay":false,"sceneViewState":{"showFog":true,"showMaterialUpdate":true,"showSkybox":false,"showFlares":true,"showImageEffects":true,"showParticleSystems":true},"in2DMode":false,"pivot":{"x":-0.29046630859375,"y":2.783447265625,"z":0.57977294921875},"rotation":{"x":0.713628888130188,"y":0.034621186554431918,"z":-0.03535248339176178,"w":0.6987993717193604},"size":2.116457939147949,"orthographic":true}