{"cameraMode":{"drawMode":0,"name":"Shaded","section":"Shading Mode"},"sceneLighting":false,"audioPlay":false,"sceneViewState":{"showFog":true,"showMaterialUpdate":true,"showSkybox":false,"showFlares":true,"showImageEffects":true,"showParticleSystems":true},"in2DMode":false,"pivot":{"x":143.60450744628907,"y":73.2215347290039,"z":-2.8713345527648927},"rotation":{"x":0.5080729722976685,"y":0.11076002568006516,"z":-0.06605678051710129,"w":0.8516415953636169},"size":1.7406492233276368,"orthographic":false}